"StudentID";"FirstName";"LastName";"Email";"Password"
1;"John";"Don";"jon.don@gmail.com";"jondon"
2;"Jack";"Bryan";"jack.bryan@gmail.com";"jackbryan"
3;"Steve";"Smith";"steve.smith@gmail.com";"stevesmith"
4;"Ross";"Taylor";"ross.taylor@gmail.com";"rosstaylor"
5;"David";"Warner";"david.warner@gmail.com";"davidwarner"
